<?xml version="1.0" encoding="UTF-8"?>
<project-private xmlns="http://www.netbeans.org/ns/project-private/1">
    <editor-bookmarks xmlns="http://www.netbeans.org/ns/editor-bookmarks/2" lastBookmarkId="0"/>
    <open-files xmlns="http://www.netbeans.org/ns/projectui-open-files/2">
        <group>
            <file>file:/D:/TECNICATURA/SEGUNDO%20AÑO/SEGUNDO%20CUATRIMESTRE/METODOLOGIA%20DE%20SISTEMAS/PROGRAMA/Festival_Mansilla_Pridebailos_Palavecino_Zapata/src/Controlador/Festival.java</file>
            <file>file:/D:/TECNICATURA/SEGUNDO%20AÑO/SEGUNDO%20CUATRIMESTRE/METODOLOGIA%20DE%20SISTEMAS/PROGRAMA/Festival_Mansilla_Pridebailos_Palavecino_Zapata/src/Controlador/Gestor.java</file>
        </group>
    </open-files>
</project-private>
